{
    "mercury": {
        "mass": 3.3011e+23,
        "radius": 2439.7,
        "mu": 22032000000000.0,
        "rotational_period": 5067600,
        "J2": 6.7e-06
    },
    "venus": {
        "mass": 4.8675e+24,
        "radius": 6051.8,
        "mu": 324860000000000.0,
        "rotational_period": -20925000,
        "J2": 4.458e-06
    },
    "earth": {
        "mass": 5.9722e+24,
        "radius": 6371.0,
        "mu": 398600000000000.0,
        "rotational_period": 86400,
        "J2": 0.00108263
    },
    "mars": {
        "mass": 6.4171e+23,
        "radius": 3389.5,
        "mu": 42828000000000.0,
        "rotational_period": 88560,
        "J2": 0.00196045
    },
    "jupiter": {
        "mass": 1.898e+27,
        "radius": 69911.0,
        "mu": 1.267e+17,
        "rotational_period": 35640,
        "J2": 0.0147
    },
    "saturn": {
        "mass": 5.6834e+26,
        "radius": 58232.0,
        "mu": 3.794e+16,
        "rotational_period": 38400,
        "J2": 0.016
    },
    "uranus": {
        "mass": 8.681e+25,
        "radius": 25362.0,
        "mu": 5794000000000000.0,
        "rotational_period": -61920,
        "J2": 0.033
    },
    "neptune": {
        "mass": 1.0241e+26,
        "radius": 24622.0,
        "mu": 6835100000000000.0,
        "rotational_period": 57960,
        "J2": 0.022
    },
    "sun": {
        "mass": 1.989e+30,
        "radius": 696340.0,
        "mu": 1.327124e+20,
        "rotational_period": 2192832,
        "J2": 0
    }
}